<?xml version="1.0" encoding="UTF-8"?>
<project-private xmlns="http://www.netbeans.org/ns/project-private/1">
    <editor-bookmarks xmlns="http://www.netbeans.org/ns/editor-bookmarks/2" lastBookmarkId="0"/>
    <open-files xmlns="http://www.netbeans.org/ns/projectui-open-files/2">
        <group>
            <file>file:/Applications/XAMPP/xamppfiles/htdocs/Feb102014/cp_cc/studentindex.php</file>
            <file>file:/Applications/XAMPP/xamppfiles/htdocs/Feb102014/css/fl.css</file>
            <file>file:/Applications/XAMPP/xamppfiles/htdocs/Feb102014/cp_cc/club.php</file>
            <file>file:/Applications/XAMPP/xamppfiles/htdocs/Feb102014/cp_cc/cp_mb.php</file>
            <file>file:/Applications/XAMPP/xamppfiles/htdocs/Feb102014/css/cc.css</file>
            <file>file:/Applications/XAMPP/xamppfiles/htdocs/Feb102014/cp_cc/course.php</file>
            <file>file:/Applications/XAMPP/xamppfiles/htdocs/Feb102014/css/mb.css</file>
            <file>file:/Applications/XAMPP/xamppfiles/htdocs/Feb102014/cp_cc/connect.php</file>
            <file>file:/Applications/XAMPP/xamppfiles/htdocs/Feb102014/cp_cc/cp_fl.php</file>
        </group>
    </open-files>
</project-private>
